{
  "setup_time": 0.05108976364135742,
  "node_info": {
    "rank": 0,
    "world_size": 1,
    "local_rank": 0,
    "hostname": "vm-master"
  },
  "epoch_times": [
    1093.2265093326569
  ],
  "epoch_losses": [
    3.9523069985950268
  ],
  "epoch_accuracies": [
    11.147108231341493
  ],
  "val_losses": [
    2.461018173782914
  ],
  "val_accuracies": [
    36.35272945410918
  ],
  "batch_times": [
    8.594181537628174,
    7.935436487197876,
    7.985097408294678,
    7.918622970581055,
    7.8820226192474365,
    7.869428634643555,
    7.822011947631836,
    7.967268228530884,
    7.781870365142822,
    7.898447751998901,
    7.837840795516968,
    7.968959093093872,
    7.927496671676636,
    7.84721827507019,
    7.910617113113403,
    7.9185144901275635,
    8.17046070098877,
    7.917554616928101,
    7.99204158782959,
    7.958325147628784,
    8.057187557220459,
    7.955888509750366,
    7.941986560821533,
    7.891788959503174,
    8.017945766448975,
    7.9412455558776855,
    7.935803174972534,
    7.868550777435303,
    7.850223541259766,
    7.887277841567993,
    8.018359422683716,
    8.017272233963013,
    7.829254627227783,
    8.001667499542236,
    8.0136559009552,
    8.054050922393799,
    7.9123899936676025,
    7.9680163860321045,
    7.943221569061279,
    8.237523078918457,
    8.153271913528442,
    8.024540901184082,
    7.840826988220215,
    7.896173000335693,
    8.042850732803345,
    7.990268230438232,
    7.8429200649261475,
    8.057313203811646,
    7.710185527801514,
    7.90460729598999,
    7.853342056274414,
    7.899863004684448,
    8.034482717514038,
    7.840033531188965,
    7.873790502548218,
    8.046878337860107,
    7.887341260910034,
    7.959789037704468,
    7.948427200317383,
    7.950626850128174,
    7.8158769607543945,
    7.8366780281066895,
    7.851057291030884,
    7.808664083480835,
    7.918103218078613,
    7.919839382171631,
    7.841650485992432,
    7.845016717910767,
    7.839139461517334,
    7.962178468704224,
    8.027570724487305,
    7.821814298629761,
    7.860870122909546,
    8.120503187179565,
    7.735067129135132,
    7.934126615524292,
    7.921165466308594,
    7.989666223526001,
    7.897181272506714,
    7.9654221534729,
    8.08691668510437,
    7.89454460144043,
    7.898353338241577,
    7.89617657661438,
    7.961179971694946,
    7.923661708831787,
    7.962883234024048,
    7.840182065963745,
    7.940370082855225,
    7.8528831005096436,
    8.00379228591919,
    7.980154037475586,
    7.927607774734497,
    7.985544443130493,
    7.873586893081665,
    8.047906637191772,
    7.962462663650513,
    7.8307945728302,
    7.819102764129639,
    7.92499041557312,
    7.942239761352539,
    7.889636993408203,
    8.049574851989746,
    7.817234992980957,
    8.140883445739746,
    7.876868486404419,
    7.870277643203735,
    7.9588072299957275,
    7.988359212875366,
    7.929389715194702,
    7.986565589904785,
    8.002776384353638,
    7.764147996902466,
    7.969419956207275,
    8.184657573699951,
    8.063116788864136,
    7.894659519195557,
    7.915255069732666,
    8.03550934791565,
    7.866252899169922,
    7.985705614089966,
    7.9457433223724365,
    7.9253599643707275,
    7.845346689224243,
    7.910340785980225,
    7.953329563140869,
    7.743687152862549,
    7.772854566574097,
    7.852816104888916,
    7.881147146224976,
    1.5001556873321533
  ],
  "batch_losses": [
    4.637632846832275,
    4.636919975280762,
    4.616903781890869,
    4.615674018859863,
    4.6158647537231445,
    4.645053863525391,
    4.604445934295654,
    4.606997489929199,
    4.596975326538086,
    4.619185447692871,
    4.600221633911133,
    4.603305816650391,
    4.622193813323975,
    4.583916187286377,
    4.61514949798584,
    4.539282321929932,
    4.51611852645874,
    4.569220066070557,
    4.563827037811279,
    4.522488117218018,
    4.579719543457031,
    4.5253777503967285,
    4.582929611206055,
    4.515682220458984,
    4.596175193786621,
    4.530725002288818,
    4.522341728210449,
    4.533284664154053,
    4.444859027862549,
    4.487673282623291,
    4.429235458374023,
    4.35236930847168,
    4.4828948974609375,
    4.41468620300293,
    4.464178085327148,
    4.412783622741699,
    4.462800979614258,
    4.458499908447266,
    4.421004295349121,
    4.408117294311523,
    4.358295917510986,
    4.39384126663208,
    4.382493495941162,
    4.362727642059326,
    4.4047088623046875,
    4.394805908203125,
    4.272894859313965,
    4.255745887756348,
    4.381738662719727,
    4.2848358154296875,
    4.287580490112305,
    4.137507438659668,
    4.28676176071167,
    4.162010192871094,
    4.239692211151123,
    4.253683567047119,
    4.170456886291504,
    4.0952863693237305,
    4.29457950592041,
    4.187336444854736,
    4.170581340789795,
    4.036707401275635,
    3.969593048095703,
    4.178917407989502,
    4.130980014801025,
    3.9730589389801025,
    4.0382561683654785,
    3.9183638095855713,
    3.9316751956939697,
    3.80240535736084,
    3.81461501121521,
    3.9601945877075195,
    3.8599565029144287,
    3.942486524581909,
    3.769376277923584,
    3.81308913230896,
    3.841820001602173,
    3.994802236557007,
    3.803262948989868,
    3.999971628189087,
    3.900899887084961,
    3.743154525756836,
    3.8989508152008057,
    3.641587018966675,
    3.794039249420166,
    3.7661538124084473,
    3.906196117401123,
    3.559335947036743,
    3.921985149383545,
    3.915287494659424,
    3.6138916015625,
    3.7130250930786133,
    3.284794569015503,
    3.3428313732147217,
    3.7390050888061523,
    3.5874927043914795,
    3.275028705596924,
    3.724522113800049,
    3.471675395965576,
    3.370011568069458,
    3.2582955360412598,
    3.5300939083099365,
    3.3572874069213867,
    3.1799728870391846,
    3.2961363792419434,
    3.465686082839966,
    3.4693377017974854,
    3.2846171855926514,
    3.5653538703918457,
    3.512223720550537,
    3.1944892406463623,
    3.1573052406311035,
    3.3102285861968994,
    3.4087255001068115,
    3.2351274490356445,
    3.183600902557373,
    3.1255130767822266,
    3.1174774169921875,
    3.025412082672119,
    3.392827033996582,
    3.079550266265869,
    2.9701569080352783,
    3.015448808670044,
    3.1445939540863037,
    3.0821001529693604,
    3.0139670372009277,
    3.144174098968506,
    2.614283800125122,
    2.605430841445923,
    2.5775063037872314,
    3.15161395072937
  ],
  "total_time": 1093.2272202968597,
  "avg_epoch_time": 1093.2265093326569,
  "avg_batch_time": 7.886954686113897,
  "best_accuracy": 36.35272945410918
}