{
  "setup_time": 0.04661917686462402,
  "node_info": {
    "rank": 0,
    "world_size": 4,
    "local_rank": 0,
    "hostname": "vm-master"
  },
  "epoch_times": [
    450.4337909221649
  ],
  "epoch_losses": [
    4.5780024909973145
  ],
  "epoch_accuracies": [
    2.7511196417146513
  ],
  "val_losses": [
    4.502448558807373
  ],
  "val_accuracies": [
    5.111821086261981
  ],
  "batch_times": [
    18.25064182281494,
    17.159761428833008,
    17.148960828781128,
    17.46061944961548,
    17.331112384796143,
    17.206138610839844,
    17.077172994613647,
    17.262232065200806,
    17.78366208076477,
    17.38436508178711,
    17.47340178489685,
    17.44905686378479,
    17.513377904891968,
    17.670743227005005,
    17.473458290100098,
    17.424325942993164,
    17.02017116546631,
    17.277632236480713,
    17.828726530075073,
    17.27868938446045,
    17.233359813690186,
    17.353512287139893,
    17.40518045425415,
    17.319191694259644,
    6.701655149459839
  ],
  "batch_losses": [
    4.64063024520874,
    4.610543727874756,
    4.63088321685791,
    4.605311393737793,
    4.592556953430176,
    4.616044998168945,
    4.600164890289307,
    4.606299877166748,
    4.594006538391113,
    4.591092109680176,
    4.576996326446533,
    4.583749294281006,
    4.604047775268555,
    4.590588569641113,
    4.568147659301758,
    4.563018321990967,
    4.576495170593262,
    4.536104202270508,
    4.561759948730469,
    4.549077987670898,
    4.53354024887085,
    4.496217727661133,
    4.558379650115967,
    4.498363494873047,
    4.566041946411133
  ],
  "total_time": 450.75771737098694,
  "avg_epoch_time": 450.4337909221649,
  "avg_batch_time": 16.9794859790802,
  "best_accuracy": 5.111821086261981
}