{
  "setup_time": 0.023599624633789062,
  "node_info": {
    "rank": 0,
    "world_size": 1,
    "local_rank": 0,
    "hostname": "vm-master"
  },
  "epoch_times": [
    1615.1700265407562,
    1668.6544258594513
  ],
  "epoch_losses": [
    3.562390541543766,
    2.1057557664355455
  ],
  "epoch_accuracies": [
    18.08,
    44.992
  ],
  "val_losses": [
    1.8534953236579894,
    1.3663977086544037
  ],
  "val_accuracies": [
    48.48,
    60.6
  ],
  "batch_times": [
    8.425187349319458,
    7.9098193645477295,
    7.880108833312988,
    8.049267530441284,
    7.9658379554748535,
    7.729713439941406,
    7.870889186859131,
    7.778317213058472,
    8.094950199127197,
    7.766738176345825,
    7.728193283081055,
    8.114767789840698,
    7.7495646476745605,
    7.8065996170043945,
    7.871622085571289,
    7.669994115829468,
    7.787703275680542,
    7.806837558746338,
    7.831660032272339,
    8.078556776046753,
    7.867687463760376,
    7.836135387420654,
    7.637060165405273,
    7.784110069274902,
    7.816620111465454,
    7.817498207092285,
    7.722952604293823,
    7.899224519729614,
    7.735917091369629,
    7.6680755615234375,
    7.890209197998047,
    7.817832708358765,
    7.684881687164307,
    7.666092395782471,
    7.794374227523804,
    7.735581636428833,
    7.884231328964233,
    7.779510736465454,
    7.814314842224121,
    7.607592344284058,
    7.70609712600708,
    7.747160196304321,
    7.732800483703613,
    7.806708335876465,
    7.5975096225738525,
    7.754242420196533,
    7.689271926879883,
    7.78937554359436,
    7.8010594844818115,
    7.699012517929077,
    8.008514404296875,
    7.739075422286987,
    7.882301568984985,
    7.831510782241821,
    7.842301845550537,
    7.824100971221924,
    7.835653305053711,
    7.858510255813599,
    7.865242004394531,
    7.927590370178223,
    7.85738468170166,
    7.835646152496338,
    7.834339380264282,
    7.8194053173065186,
    7.7440345287323,
    7.856188774108887,
    7.795451641082764,
    7.803739786148071,
    7.853318691253662,
    7.722503423690796,
    7.999065637588501,
    8.038398504257202,
    7.779668569564819,
    7.690077304840088,
    7.801507234573364,
    7.802388429641724,
    7.7922446727752686,
    7.653942346572876,
    7.7518932819366455,
    7.928024768829346,
    7.833145380020142,
    7.841537952423096,
    7.826615810394287,
    7.901066303253174,
    7.907654762268066,
    7.781467914581299,
    7.804328203201294,
    7.765081405639648,
    7.93705677986145,
    7.8894970417022705,
    7.761435508728027,
    7.82623291015625,
    7.937182903289795,
    7.879145622253418,
    7.837399005889893,
    7.834090709686279,
    7.866291522979736,
    7.757076263427734,
    7.854125738143921,
    7.6677820682525635,
    7.826613187789917,
    7.846067905426025,
    7.879837512969971,
    7.771338224411011,
    7.856729030609131,
    7.883505582809448,
    7.862502336502075,
    7.8560707569122314,
    8.07564377784729,
    7.748918294906616,
    7.627755880355835,
    7.768788814544678,
    7.705236196517944,
    7.614062786102295,
    7.702431917190552,
    7.855210781097412,
    8.0812828540802,
    7.830489158630371,
    7.733225345611572,
    7.81775689125061,
    7.793038606643677,
    7.861049175262451,
    7.769020080566406,
    7.865275621414185,
    7.740662336349487,
    7.964855909347534,
    7.837582588195801,
    7.874477863311768,
    7.8063061237335205,
    8.06687068939209,
    7.730685710906982,
    7.995888948440552,
    7.750027418136597,
    7.819608688354492,
    7.862646579742432,
    7.696319580078125,
    7.740206956863403,
    7.956475496292114,
    7.817174673080444,
    7.846177816390991,
    7.788713455200195,
    7.658092737197876,
    7.766825437545776,
    7.620432615280151,
    7.781114339828491,
    7.901163339614868,
    7.685636520385742,
    7.602709770202637,
    7.844342470169067,
    7.916829824447632,
    7.882110595703125,
    7.672548770904541,
    7.711933374404907,
    7.6339640617370605,
    7.62067437171936,
    7.845866680145264,
    7.7753376960754395,
    7.657853126525879,
    7.7457475662231445,
    7.710155725479126,
    7.688543319702148,
    7.540316343307495,
    7.985029935836792,
    7.6806604862213135,
    7.595069408416748,
    7.773799896240234,
    7.720864295959473,
    7.796432733535767,
    7.7495598793029785,
    7.786055326461792,
    7.8716113567352295,
    7.700093507766724,
    7.821153163909912,
    7.804138898849487,
    7.845742464065552,
    7.764790296554565,
    7.8084397315979,
    7.842946529388428,
    7.7667834758758545,
    7.712658405303955,
    7.9879066944122314,
    7.773500442504883,
    7.858152151107788,
    7.851018667221069,
    7.774797201156616,
    7.814145088195801,
    7.82883095741272,
    7.793749809265137,
    7.808004140853882,
    7.823069334030151,
    7.741706848144531,
    7.884595632553101,
    7.7785985469818115,
    7.852478742599487,
    7.83814263343811,
    2.141148805618286,
    9.52539873123169,
    8.309885263442993,
    8.146098136901855,
    7.967394113540649,
    7.905154705047607,
    8.045046091079712,
    8.134186506271362,
    8.144413232803345,
    8.132234573364258,
    8.203017711639404,
    8.002525568008423,
    8.180644512176514,
    7.899447202682495,
    8.164111852645874,
    8.0850989818573,
    8.11387586593628,
    8.046775341033936,
    8.15260934829712,
    8.043527126312256,
    8.259487628936768,
    8.010447978973389,
    8.143617153167725,
    8.09608507156372,
    8.198643922805786,
    8.11783242225647,
    8.141334295272827,
    8.054181337356567,
    8.047885656356812,
    7.926302671432495,
    8.142684698104858,
    8.126736879348755,
    8.135385990142822,
    7.925553798675537,
    8.17162036895752,
    8.12854290008545,
    8.19563364982605,
    8.00981068611145,
    8.121620416641235,
    8.053597927093506,
    8.09895133972168,
    8.194223403930664,
    8.029715776443481,
    8.121477365493774,
    8.11541199684143,
    8.164450883865356,
    8.161020755767822,
    8.243561506271362,
    8.095869541168213,
    8.161531448364258,
    8.110405921936035,
    8.179546594619751,
    8.246821880340576,
    8.135725975036621,
    8.16210150718689,
    8.198907613754272,
    8.16750955581665,
    8.037901401519775,
    8.111376762390137,
    8.08820366859436,
    8.180069208145142,
    8.191506147384644,
    8.149092674255371,
    8.200252294540405,
    8.24172592163086,
    8.253439903259277,
    8.16152548789978,
    8.08854866027832,
    8.100314855575562,
    8.104490280151367,
    8.157139301300049,
    8.069785594940186,
    8.128930568695068,
    7.94731593132019,
    8.047556161880493,
    8.035577058792114,
    8.00896143913269,
    8.124414443969727,
    8.083281755447388,
    8.061013221740723,
    8.184726476669312,
    8.071198225021362,
    8.149578094482422,
    8.091391801834106,
    8.185518741607666,
    8.031362295150757,
    8.043691396713257,
    8.061051607131958,
    8.207907915115356,
    7.936598062515259,
    8.169709205627441,
    8.158511400222778,
    8.165593385696411,
    8.181213855743408,
    8.124995231628418,
    8.141713857650757,
    8.138411283493042,
    8.13486123085022,
    8.132498264312744,
    8.17938780784607,
    8.17191195487976,
    8.203197002410889,
    8.233906030654907,
    8.213155031204224,
    8.017220973968506,
    8.16956615447998,
    8.135204315185547,
    8.118587017059326,
    7.927066326141357,
    8.03573727607727,
    8.08045482635498,
    8.194641828536987,
    8.166407585144043,
    7.929403781890869,
    8.203977584838867,
    7.990505218505859,
    8.139252424240112,
    8.120560884475708,
    8.065032958984375,
    8.098426818847656,
    8.11547565460205,
    8.121508121490479,
    8.158403873443604,
    8.131787776947021,
    8.026195764541626,
    8.205028295516968,
    8.104022026062012,
    7.902783393859863,
    8.091699361801147,
    8.111559391021729,
    8.159006357192993,
    8.154967308044434,
    8.05733323097229,
